X,Y,OBJECTID,FACILITY_INTERNAL_ID,ADDRESS,ADDRESS_2,CITY,STATE,ZIP,ZIP_4,LAT,LON,STATE_FIPS,COUNTY,COUNTY_FIPS,TYPE_DESC,SUB_TYPE_DESC,WI_LICENSE_NUM,ASPEN_FACILITY_ID,MEDICARE_ID,TYPE_CODE,FACILITY_TYPE_CODE,FACILITY_NAME
-9782742.71333755,5321343.1012633,1,1987,2323 N Lake Dr,,Milwaukee,WI,53211,4508,43.061537,-87.879873,55,Milwaukee,55079,HOSPITAL,SHORT TERM,53,HSPLACU113,520051,1,11,ASCENSION COLUMBIA ST MARY'S HOSPITAL MILWAUKEE
-10117610.8885961,5396303.30684038,2,2027,507 S Main St,,Viroqua,WI,54665,2059,43.551547,-90.888045,55,Vernon,55123,HOSPITAL,CRITICAL ACCESS HOSPITALS,1053,HSPLACU130,521348,1,14,VERNON MEMORIAL HOSPITAL
-9798811.34787509,5312145.3681795,3,2293,8901 W Lincoln Ave,,West Allis,WI,53227,2409,43.00114,-88.02422,55,Milwaukee,55079,HOSPITAL,SHORT TERM,149,HSPLACU136,520139,1,11,AURORA WEST ALLIS MEDICAL CENTER
-9768003.23352008,5428802.46427237,4,2437,3100 Superior Ave,,Sheboygan,WI,53081,1948,43.762764,-87.747466,55,Sheboygan,55117,HOSPITAL,SHORT TERM,37,HSPLACU120,520044,1,11,ST NICHOLAS HOSPITAL
-10038685.7035822,5570975.67743051,5,2438,611 N Saint Joseph Ave,,Marshfield,WI,54449,1832,44.678031,-90.179048,55,Wood,55141,HOSPITAL,SHORT TERM,51,HSPLACU102,520037,1,11,MARSHFIELD MEDICAL CENTER
-10319333.6057796,5669178.34842521,6,2440,2600 65th Ave,,Osceola,WI,54020,4370,45.301919,-92.700151,55,Polk,55095,HOSPITAL,CRITICAL ACCESS HOSPITALS,1021,HSPLACU50,521318,1,14,LADD MEMORIAL HOSPITAL
-9911149.41200912,5264514.06075288,7,2441,1000 Mineral Point Ave,,Janesville,WI,53548,2940,42.687418,-89.03337,55,Rock,55105,HOSPITAL,SHORT TERM,162,HSPLACU64,520066,1,11,MERCY HEALTH SYSTEM CORP
-9753452.88551747,5485046.24312351,8,2719,5000 Memorial Dr,,Two Rivers,WI,54241,3900,44.126545,-87.616758,55,Manitowoc,55071,HOSPITAL,SHORT TERM,85,HSPLACU126,520034,1,11,AURORA MEDICAL CTR MANITOWOC COUNTY
-9998865.27457204,5461512.16114396,9,3065,402 W Lake St,,Friendship,WI,53934,9699,43.974599,-89.821335,55,Adams,55001,HOSPITAL,CRITICAL ACCESS HOSPITALS,1014,HSPLACU1,521309,1,14,MOUNDVIEW MEMORIAL HOSPITAL AND CLINICS
-9839937.10923427,5508651.6685807,10,3067,1818 N Meade St,,Appleton,WI,54911,3454,44.27856,-88.393659,55,Outagamie,55087,HOSPITAL,SHORT TERM,169,HSPLACU3,520160,1,11,THEDACARE REGIONAL MEDICAL CENTER - APPLETON INC
-9788901.68680467,5246727.65393779,11,3070,10400 75th St,,Kenosha,WI,53142,7884,42.56986,-87.9352,55,Kenosha,55059,HOSPITAL,SHORT TERM,1001,HSPLACU6,520189,1,11,AURORA MEDICAL CTR KENOSHA
-10283549.9554641,5612291.07772575,12,3071,1100 Bergslien St,,Baldwin,WI,54002,2600,44.941338,-92.378701,55,Saint Croix,55109,HOSPITAL,CRITICAL ACCESS HOSPITALS,1052,HSPLACU7,521347,1,14,WESTERN WISCONSIN HEALTH
-10223635.0225319,5684299.76710469,13,3072,1222 E Woodland Ave,,Barron,WI,54812,1765,45.397383,-91.840476,55,Barron,55005,HOSPITAL,CRITICAL ACCESS HOSPITALS,1018,HSPLACU8,521315,1,14,MAYO CLINIC HEALTH SYSTEM-NORTHLAND
-9756859.48457473,5632669.66348565,14,3073,3003 University Dr,,Marinette,WI,54143,4110,45.07077,-87.64736,55,Marinette,55075,HOSPITAL,SHORT TERM,155,HSPLACU9,520113,1,11,BAY AREA MEDICAL CENTER
-9888048.16864072,5380537.03960592,15,3074,707 S University Ave,,Beaver Dam,WI,53916,3027,43.448812,-88.825848,55,Dodge,55027,HOSPITAL,SHORT TERM,199,HSPLACU10,520076,1,11,BEAVER DAM COMMUNITY HOSPITAL
-9797367.97935746,5543500.40503681,16,3075,744 S Webster Ave,,Green Bay,WI,54305,3505,44.502263,-88.011254,55,Brown,55009,HOSPITAL,SHORT TERM,147,HSPLACU11,520049,1,11,BELLIN MEMORIAL HOSPITAL
-9908376.33217397,5243464.15040188,17,3076,1969 W Hart Rd,,Beloit,WI,53511,2230,42.548266,-89.008459,55,Rock,55105,HOSPITAL,SHORT TERM,67,HSPLACU12,520100,1,11,BELOIT MEMORIAL HOSPITAL
-10113939.0151923,5512479.24585101,18,3078,711 W Adams St,,Black River Falls,WI,54615,2200,44.303172,-90.85506,55,Jackson,55053,HOSPITAL,CRITICAL ACCESS HOSPITALS,1037,HSPLACU14,521333,1,14,BLACK RIVER MEMORIAL HOSPITAL
-10185928.3280129,5637578.47725705,19,3079,1501 Thompson St,,Bloomer,WI,54724,1257,45.101904,-91.501751,55,Chippewa,55017,HOSPITAL,CRITICAL ACCESS HOSPITALS,1017,HSPLACU15,521314,1,14,MAYO CLINIC HEALTH SYSTEM-CHIPPEWA VALLEY
-10097588.4083846,5332294.20367444,20,3080,205 Parker St,,Boscobel,WI,53805,1642,43.13337,-90.70818,55,Grant,55043,HOSPITAL,CRITICAL ACCESS HOSPITALS,1048,HSPLACU16,521344,1,14,GUNDERSEN BOSCOBEL AREA HOSPITAL AND CLINICS
-10317843.7057148,5744269.59417561,21,3081,257 W Saint George Ave,,Grantsburg,WI,54840,7827,45.774397,-92.686767,55,Burnett,55013,HOSPITAL,CRITICAL ACCESS HOSPITALS,1034,HSPLACU17,521331,1,14,BURNETT MEDICAL CENTER
-9985601.8912025,5763294.27655426,22,3165,240 Maple St,,Woodruff,WI,54568,9190,45.893471,-89.702188,55,Oneida,55085,HOSPITAL,SHORT TERM,201,HSPLACU45,520091,1,11,HOWARD YOUNG MEDICAL CTR
-10086406.0315759,5552176.32113514,23,3166,216 Sunset Pl,,Neillsville,WI,54456,1706,44.557823,-90.607727,55,Clark,55019,HOSPITAL,CRITICAL ACCESS HOSPITALS,1026,HSPLACU62,521323,1,14,MARSHFIELD MEDICAL CENTER - NEILLSVILLE
-9788970.70488896,5309789.40737173,24,3496,3237 S 16th St,,Milwaukee,WI,53215,4526,42.98566,-87.93582,55,Milwaukee,55079,HOSPITAL,SHORT TERM,75,HSPLACU98,520078,1,11,ASCENSION ST FRANCIS HOSPITAL
-9959383.70209188,5398646.55794484,25,3497,2817 New Pinery Rd,,Portage,WI,53901,9240,43.566801,-89.466666,55,Columbia,55021,HOSPITAL,SHORT TERM,80,HSPLACU27,520041,1,11,DIVINE SAVIOR HEALTHCARE
-9915977.56096381,5519085.01410691,26,3535,800 Riverside Dr,,Waupaca,WI,54981,1943,44.345624,-89.076742,55,Waupaca,55135,HOSPITAL,CRITICAL ACCESS HOSPITALS,1038,HSPLACU76,521334,1,14,THEDACARE MEDICAL CENTER - WAUPACA INC
-10157585.940379,5433661.84443716,27,3666,1910 South Ave,,La Crosse,WI,54601,5467,43.794282,-91.247147,55,La Crosse,55063,HOSPITAL,SHORT TERM,23,HSPLACU49,520087,1,11,GUNDERSEN LUTHERAN MEDICAL CENTER
-10058385.8025484,5642841.23020793,28,3667,135 S Gibson St,,Medford,WI,54451,1622,45.135264,-90.356017,55,Taylor,55119,HOSPITAL,CRITICAL ACCESS HOSPITALS,1027,HSPLACU57,521324,1,14,"ASPIRUS MEDFORD HOSPITAL & CLINICS, INC"
-9840942.43555562,5503949.48368309,29,3867,1506 S Oneida St,,Appleton,WI,54915,1305,44.24831,-88.40269,55,Outagamie,55087,HOSPITAL,SHORT TERM,88,HSPLACU97,520009,1,11,ASCENSION NE WISCONSIN - ST ELIZABETH CAMPUS
-9823175.06558857,5313672.79836826,30,3995,725 American Ave,,Waukesha,WI,53188,5031,43.011174,-88.243083,55,Waukesha,55133,HOSPITAL,SHORT TERM,41,HSPLACU133,520008,1,11,WAUKESHA MEMORIAL HOSPITAL
-9952130.56934975,5320997.70099424,31,4134,700 S Park St,,Madison,WI,53715,1830,43.05927,-89.40151,55,Dane,55025,HOSPITAL,SHORT TERM,71,HSPLACU111,520083,1,11,SSM HEALTH ST MARY'S HOSPITAL - MADISON
-9935448.56441795,5768847.63515145,32,4178,201 Hospital Rd,,Eagle River,WI,54521,8835,45.928181,-89.251653,55,Vilas,55125,HOSPITAL,CRITICAL ACCESS HOSPITALS,1000,HSPLCRI1,521300,1,14,ASCENSION EAGLE RIVER HOSPITAL
-9763878.06714976,5430359.84503707,33,4490,2629 N 7th St,,Sheboygan,WI,53083,4932,43.772867,-87.710409,55,Sheboygan,55117,HOSPITAL,SHORT TERM,38,HSPLACU87,520035,1,11,AURORA SHEBOYGAN MEMORIAL MEDICAL CTR
-10057149.7109226,5411235.05846596,34,4586,400 Water Ave,,Hillsboro,WI,54634,9054,43.648683,-90.344913,55,Vernon,55123,HOSPITAL,CRITICAL ACCESS HOSPITALS,1005,HSPLCRI6,521304,1,14,GUNDERSEN ST JOSEPHS HOSPITAL AND CLINICS
-9787888.122841,5351092.71013411,35,4734,13111 N Port Washington Rd,,Mequon,WI,53097,2416,43.256481,-87.926095,55,Ozaukee,55089,HOSPITAL,SHORT TERM,246,HSPLACU114,520027,1,11,ASCENSION COLUMBIA ST MARY'S HOSPITAL OZAUKEE
-9970560.95820396,5547238.49776549,36,4876,900 Illinois Ave,,Stevens Point,WI,54481,3114,44.526208,-89.567073,55,Portage,55097,HOSPITAL,SHORT TERM,146,HSPLACU119,520002,1,11,ASCENSION ST MICHAELS HOSPITAL
-9952149.49366319,5321850.94055502,37,4902,202 S Park St,,Madison,WI,53715,1507,43.06487,-89.40168,55,Dane,55025,HOSPITAL,SHORT TERM,248,HSPLACU66,520089,1,11,UNITYPOINT HEALTH - MERITER
-9798791.75564471,5318195.50966887,38,6013,9200 W Wisconsin Ave,,Milwaukee,WI,53226,3522,43.040875,-88.024044,55,Milwaukee,55079,HOSPITAL,SHORT TERM,232,HSPLACU35,520177,1,11,FROEDTERT MEMORIAL LUTHERAN HOSPITAL
-9798791.75564471,5318195.50966887,39,6054,9000 W Wisconsin Ave,,Milwaukee,WI,53226,4874,43.040875,-88.024044,55,Milwaukee,55079,HOSPITAL,CHILDRENS,135,HSPLACU19,523300,1,16,CHILDRENS HOSPITAL OF WISCONSIN
-9911365.92841871,5361192.23605298,40,6057,1515 Park Ave,,Columbus,WI,53925,1618,43.32252,-89.035315,55,Columbia,55021,HOSPITAL,CRITICAL ACCESS HOSPITALS,1042,HSPLACU23,521338,1,14,COLUMBUS COMMUNITY HOSPITAL
-9810376.21845411,5600325.83276774,41,6058,855 S Main St,,Oconto Falls,WI,54154,1241,44.865206,-88.128109,55,Oconto,55083,HOSPITAL,CRITICAL ACCESS HOSPITALS,1012,HSPLACU24,521310,1,14,HSHS ST CLARE MEMORIAL HOSPITAL
-9811399.35589399,5336993.67254181,42,6059,W180N8085 Town Hall Rd,,Menomonee Falls,WI,53051,3518,43.16417,-88.1373,55,Waukesha,55133,HOSPITAL,SHORT TERM,28,HSPLACU25,520103,1,11,COMMUNITY MEMORIAL HOSPITAL
-10067858.9798954,5769238.46897691,43,6063,98 Sherry Ave,,Park Falls,WI,54552,1467,45.930623,-90.441116,55,Price,55099,HOSPITAL,CRITICAL ACCESS HOSPITALS,1028,HSPLACU30,521325,1,14,FLAMBEAU HOSPITAL
-9888278.04338921,5301552.92615655,44,6064,611 Sherman Ave E,,Fort Atkinson,WI,53538,1960,42.931511,-88.827913,55,Jefferson,55055,HOSPITAL,SHORT TERM,133,HSPLACU31,520071,1,11,FORT MEMORIAL HOSPITAL
-10156826.9640908,5435160.04551894,45,6065,700 West Ave S,,La Crosse,WI,54601,4783,43.803996,-91.240329,55,La Crosse,55063,HOSPITAL,SHORT TERM,24,HSPLACU33,520004,1,11,MAYO CLINIC HLTH SYSTEM  FRANCISCAN MED CTR
-9983328.30192253,5649203.55184247,46,6067,601 S Center Ave,,Merrill,WI,54452,3404,45.175568,-89.681764,55,Lincoln,55069,HOSPITAL,CRITICAL ACCESS HOSPITALS,1043,HSPLACU38,521339,1,14,ASCENSION GOOD SAMARITAN HOSPITAL
-10097667.4452231,5288199.42633232,47,6068,507 S Monroe St,,Lancaster,WI,53813,2054,42.84362,-90.70889,55,Grant,55043,HOSPITAL,CRITICAL ACCESS HOSPITALS,1025,HSPLACU39,521322,1,14,GRANT REGIONAL HEALTH CENTER
-9836492.32759167,5360561.52623289,48,6069,1032 E Sumner St,,Hartford,WI,53027,1608,43.318398,-88.362714,55,Washington,55131,HOSPITAL,SHORT TERM,195,HSPLACU40,520038,1,11,AURORA MEDICAL CTR WASHINGTON COUNTY
-10184186.0666625,5785919.20085245,49,6070,11040 N State Road 77,,Hayward,WI,54843,3606,46.034747,-91.4861,55,Sawyer,55113,HOSPITAL,CRITICAL ACCESS HOSPITALS,1040,HSPLACU41,521336,1,14,HAYWARD AREA MEMORIAL HOSPITAL
-10027154.5628089,5431917.48891975,50,6071,1050 Division St,,Mauston,WI,53948,1931,43.78297,-90.075462,55,Juneau,55057,HOSPITAL,SHORT TERM,134,HSPLACU42,520109,1,11,MILE BLUFF MEDICAL CENTER
-10303206.8624678,5640096.04299913,51,6072,535 Hospital Rd,,New Richmond,WI,54017,1449,45.117865,-92.555282,55,Saint Croix,55109,HOSPITAL,CRITICAL ACCESS HOSPITALS,1050,HSPLACU43,521345,1,14,WESTFIELDS HOSPITAL AND CLINIC
-9760120.03246007,5480153.89123077,52,6073,2300 Western Ave,,Manitowoc,WI,54221,3712,44.09499,-87.67665,55,Manitowoc,55071,HOSPITAL,SHORT TERM,7,HSPLACU44,520107,1,11,HOLY FAMILY MEMORIAL
-10321250.4160915,5615412.1406486,53,6074,405 Stageline Rd,,Hudson,WI,54016,7848,44.96118,-92.71737,55,Saint Croix,55109,HOSPITAL,CRITICAL ACCESS HOSPITALS,1039,HSPLACU46,521335,1,14,HUDSON HOSPITAL & CLINIC
-10233210.1685324,5739153.93130729,54,6075,113 4th Ave,,Shell Lake,WI,54871,4457,45.742335,-91.926491,55,Washburn,55129,HOSPITAL,CRITICAL ACCESS HOSPITALS,1047,HSPLACU47,521342,1,14,INDIANHEAD MEDICAL CENTER SHELL LAKE
-9776122.2092616,5247884.07026748,55,6076,6308 8th Ave,,Kenosha,WI,53143,5031,42.57751,-87.8204,55,Kenosha,55059,HOSPITAL,SHORT TERM,22,HSPLACU48,520021,1,11,FROEDTERT SOUTH - KENOSHA MEDICAL CENTER
-9851357.04183627,5260648.69188714,56,6077,W3985 County Road Nn,,Elkhorn,WI,53121,4337,42.661889,-88.496246,55,Walworth,55127,HOSPITAL,SHORT TERM,132,HSPLACU51,520102,1,11,AURORA LAKELAND MEDICAL CENTER
-10214545.0068722,5701616.72042745,57,6093,1700 W Stout St,,Rice Lake,WI,54868,5000,45.50651,-91.758819,55,Barron,55005,HOSPITAL,SHORT TERM,82,HSPLACU52,520011,1,11,MARSHFIELD MEDICAL CENTER - RICE LAKE
-9922949.72331117,5643889.73119114,58,6095,112 E 5th Ave,,Antigo,WI,54409,2710,45.141908,-89.139374,55,Langlade,55067,HOSPITAL,CRITICAL ACCESS HOSPITALS,1055,HSPLACU54,521350,1,14,ASPIRUS LANGLADE HOSPITAL
-10187060.7811927,5592160.17694885,59,6096,1221 Whipple St,,Eau Claire,WI,54703,5270,44.813192,-91.511924,55,Eau Claire,55035,HOSPITAL,SHORT TERM,48,HSPLACU55,520070,1,11,MAYO CLINIC HEALTH SYSTEM IN EAU CLAIRE
-9912353.44362154,5286842.06306867,60,6097,11101 N Sherman Rd,,Edgerton,WI,53534,9002,42.834679,-89.044186,55,Rock,55105,HOSPITAL,CRITICAL ACCESS HOSPITALS,1022,HSPLACU56,521319,1,14,EDGERTON HOSPITAL AND HEALTH SERVICES
-9850310.41598384,5327231.34472099,61,6098,791 Summit Ave,,Oconomowoc,WI,53066,3844,43.100171,-88.486844,55,Waukesha,55133,HOSPITAL,SHORT TERM,113,HSPLACU58,520062,1,11,OCONOMOWOC MEMORIAL HOSPITAL
-9827397.52519386,5262327.94652065,62,6099,252 McHenry St,,Burlington,WI,53105,1828,42.672981,-88.281014,55,Racine,55101,HOSPITAL,SHORT TERM,14,HSPLACU59,520059,1,11,AURORA MEDICAL CENTER BURLINGTON
-10033115.6102214,5304510.73942665,63,6100,800 Compassion Way,,Dodgeville,WI,53533,1956,42.950962,-90.129011,55,Iowa,55049,HOSPITAL,CRITICAL ACCESS HOSPITALS,1056,HSPLACU60,521352,1,14,UPLAND HILLS HEALTH
-10031009.2228166,5263994.78044681,64,6101,800 Clay St,,Darlington,WI,53530,1228,42.683989,-90.110089,55,Lafayette,55065,HOSPITAL,CRITICAL ACCESS HOSPITALS,1015,HSPLACU61,521312,1,14,MEMORIAL HOSPITAL OF LAFAYETTE COUNTY
-10117658.5333382,5871924.19218954,65,6102,1615 Maple Ln,,Ashland,WI,54806,3610,46.568498,-90.888473,55,Ashland,55003,HOSPITAL,CRITICAL ACCESS HOSPITALS,1065,HSPLACU63,521359,1,14,MEMORIAL MEDICAL CENTER
-9978058.65986736,5252572.41097239,66,6103,2005 5th St,,Monroe,WI,53566,1546,42.608515,-89.634426,55,Green,55045,HOSPITAL,SHORT TERM,56,HSPLACU67,520028,1,11,THE MONROE CLINIC
-10230358.0518588,5603157.76239922,67,6104,2321 Stout Rd,,Menomonie,WI,54751,7003,44.883234,-91.90087,55,Dunn,55033,HOSPITAL,CRITICAL ACCESS HOSPITALS,1044,HSPLACU68,521340,1,14,MAYO CLINIC HEALTH SYSTEM-RED CEDAR
-9877794.08506579,5524614.55518936,68,6105,1405 Mill St,,New London,WI,54961,2155,44.381136,-88.733734,55,Outagamie,55087,HOSPITAL,CRITICAL ACCESS HOSPITALS,1029,HSPLACU69,521326,1,14,THEDACARE MEDICAL CENTER NEW LONDON
-10142668.3493762,5315263.51511313,69,6107,37868 US Highway 18,,Prairie Du Chien,WI,53821,8416,43.021622,-91.11314,55,Crawford,55023,HOSPITAL,CRITICAL ACCESS HOSPITALS,1033,HSPLACU71,521330,1,14,CROSSING RIVERS HEALTH MEDICAL CENTER
-10018000.7610809,5396008.71425644,70,6108,2000 N Dewey Ave,,Reedsburg,WI,53959,1049,43.549629,-89.993232,55,Sauk,55111,HOSPITAL,CRITICAL ACCESS HOSPITALS,1057,HSPLACU72,521351,1,14,REEDSBURG AREA MEDICAL CENTER
-10061303.709041,5363709.07495898,71,6109,333 E 2nd St,,Richland Center,WI,53581,1914,43.338966,-90.382229,55,Richland,55103,HOSPITAL,CRITICAL ACCESS HOSPITALS,1045,HSPLACU73,521341,1,14,RICHLAND HOSPITAL
-9887175.4238329,5439836.6660291,72,6110,845 Parkside St,,Ripon,WI,54971,8505,43.834308,-88.818008,55,Fond Du Lac,55039,HOSPITAL,CRITICAL ACCESS HOSPITALS,1024,HSPLACU74,521321,1,14,RIPON MEDICAL CENTER
-10308493.9816831,5600221.07404229,73,6111,1629 E Division St,,River Falls,WI,54022,1571,44.864539,-92.602777,55,Saint Croix,55109,HOSPITAL,CRITICAL ACCESS HOSPITALS,1054,HSPLACU75,521349,1,14,RIVER FALLS AREA HOSPITAL
-9999822.84483184,5524710.03429797,74,6112,410 Dewey St,,Wisconsin Rapids,WI,54495,4715,44.381749,-89.829937,55,Wood,55141,HOSPITAL,SHORT TERM,11,HSPLACU77,520033,1,11,ASPIRUS RIVERVIEW HOSPITAL & CLINICS INC
-10142321.255204,5693397.51489575,75,6113,900 College Ave W,,Ladysmith,WI,54848,2116,45.454741,-91.110022,55,Rusk,55107,HOSPITAL,CRITICAL ACCESS HOSPITALS,1030,HSPLACU78,521328,1,14,MARSHFIELD MEDICAL CENTER - LADYSMITH
-9989140.62649532,5698422.22630681,76,6115,401 W Mohawk Dr Ste 100,,Tomahawk,WI,54487,2273,45.486395,-89.733977,55,Lincoln,55069,HOSPITAL,CRITICAL ACCESS HOSPITALS,1016,HSPLACU80,521313,1,14,ASCENSION SACRED HEART HOSPITAL
-9991227.19903075,5355720.01165951,77,6119,260 26th St,,Prairie Du Sac,WI,53578,2203,43.286747,-89.752721,55,Sauk,55111,HOSPITAL,SHORT TERM,122,HSPLACU84,520095,1,11,SAUK PRAIRIE HOSPITAL
-10229923.2379278,5752449.40204109,78,6123,1280 Chandler Dr,,Spooner,WI,54801,,45.825625,-91.896964,55,Washburn,55129,HOSPITAL,CRITICAL ACCESS HOSPITALS,1036,HSPLACU91,521332,1,14,SPOONER HEALTH SYSTEM
-10252759.9861861,5892835.77210641,79,6124,3500 Tower Ave,,Superior,WI,54880,4491,46.69749,-92.10211,55,Douglas,55031,HOSPITAL,CRITICAL ACCESS HOSPITALS,1032,HSPLACU92,521329,1,14,ESSENTIA HEALTH ST MARY'S HOSPITAL - SUPERIOR
-9844097.2299247,5431124.37277679,80,6125,430 E Division St,,Fond Du Lac,WI,54935,4560,43.777826,-88.43103,55,Fond Du Lac,55039,HOSPITAL,SHORT TERM,120,HSPLACU93,520088,1,11,ST AGNES HOSPITAL
-9988706.8144397,5385521.45801064,81,6127,707 14th St,,Baraboo,WI,53913,1539,43.48131,-89.73008,55,Sauk,55111,HOSPITAL,SHORT TERM,65,HSPLACU95,520057,1,11,SSM HEALTH ST CLARE HOSPITAL - BARABOO
-10312949.3216631,5686093.90466903,82,6128,235 E State St,,Saint Croix Falls,WI,54024,4117,45.408699,-92.6428,55,Polk,55095,HOSPITAL,CRITICAL ACCESS HOSPITALS,1041,HSPLACU96,521337,1,14,ST CROIX REGIONAL MEDICAL CENTER
-9817826.16405596,5366257.82785936,83,6129,3200 Pleasant Valley Rd,,West Bend,WI,53095,9274,43.355616,-88.195033,55,Washington,55131,HOSPITAL,SHORT TERM,44,HSPLACU99,520063,1,11,ST JOSEPHS COMMUNITY HOSPITAL OF WEST BEND
-9793454.8766171,5323256.51794603,84,6130,5000 W Chambers St,,Milwaukee,WI,53210,1650,43.074094,-87.976102,55,Milwaukee,55079,HOSPITAL,SHORT TERM,30,HSPLACU100,520136,1,11,ASCENSION SE WISCONSIN HOSPITAL - ST JOSEPH CAMPUS
-9790631.5916916,5310411.82254151,85,6136,2900 W Oklahoma Ave,,Milwaukee,WI,53215,4330,42.98975,-87.95074,55,Milwaukee,55079,HOSPITAL,SHORT TERM,160,HSPLACU108,520138,1,11,AURORA ST LUKES MEDICAL CENTER
-9803458.26869876,5548319.85715953,86,6139,1726 Shawano Ave,,Green Bay,WI,54303,3216,44.533133,-88.065964,55,Brown,55009,HOSPITAL,SHORT TERM,18,HSPLACU112,520097,1,11,ST MARYS HOSPITAL MEDICAL CTR
-9776853.57831611,5271174.1118558,87,6141,3801 Spring St,,Mount Pleasant,WI,53405,1667,42.73138,-87.82697,55,Racine,55101,HOSPITAL,SHORT TERM,123,HSPLACU116,520096,1,11,ASCENSION ALL SAINTS HOSPITAL
-9949174.14631326,5722702.96112783,88,6142,2251 N Shore Dr,,Rhinelander,WI,54501,6710,45.639105,-89.374952,55,Oneida,55085,HOSPITAL,SHORT TERM,138,HSPLACU117,520019,1,11,ASCENSION ST MARYS HOSPITAL
-9797475.51398556,5543311.08250776,89,6144,835 S Van Buren St,,Green Bay,WI,54301,3526,44.50105,-88.01222,55,Brown,55009,HOSPITAL,SHORT TERM,19,HSPLACU121,520075,1,11,ST VINCENT HOSPITAL
-9930932.22135697,5299908.74895532,90,6145,900 Ridge St,,Stoughton,WI,53589,1864,42.920696,-89.211082,55,Dane,55025,HOSPITAL,CRITICAL ACCESS HOSPITALS,1046,HSPLACU122,521343,1,14,STOUGHTON HOSPITAL
-9846637.42938511,5494502.52968998,91,6146,130 2nd St,,Neenah,WI,54956,2883,44.187489,-88.453849,55,Winnebago,55139,HOSPITAL,SHORT TERM,32,HSPLACU123,520045,1,11,THEDACARE REGIONAL MEDICAL CENTER - NEENAH INC
-10076133.9142435,5462992.78107696,92,6147,321 Butts Ave,,Tomah,WI,54660,1412,43.98417,-90.515451,55,Monroe,55081,HOSPITAL,CRITICAL ACCESS HOSPITALS,1023,HSPLACU124,521320,1,14,TOMAH MEMORIAL HOSPITAL
-10165556.0819613,5522004.60893492,93,6148,18601 Lincoln St,,Whitehall,WI,54773,8605,44.364377,-91.318744,55,Trempealeau,55121,HOSPITAL,CRITICAL ACCESS HOSPITALS,1019,HSPLACU125,521316,1,14,GUNDERSEN TRI-COUNTY HOSPITAL AND CLINICS
-9955385.55126055,5323597.88696501,94,6149,600 Highland Ave,,Madison,WI,53792,1,43.076334,-89.43075,55,Dane,55025,HOSPITAL,SHORT TERM,125,HSPLACU127,520098,1,11,UNIVERSITY OF WI  HOSPITALS & CLINICS AUTHORITY
-10121026.9498101,5614209.80120985,95,6152,1120 Pine St,,Stanley,WI,54768,1297,44.953537,-90.918732,55,Clark,55019,HOSPITAL,CRITICAL ACCESS HOSPITALS,1013,HSPLACU131,521311,1,14,ASCENSION OUR LADY OF VICTORY HOSPITAL
-9873699.42023594,5342426.03581562,96,6153,125 Hospital Dr,,Watertown,WI,53098,3303,43.199754,-88.696951,55,Dodge,55027,HOSPITAL,SHORT TERM,105,HSPLACU132,520116,1,11,WATERTOWN REGIONAL MEDICAL CENTER
-9879122.34922993,5408641.30074655,97,6154,620 W Brown St,,Waupun,WI,53963,1702,43.631821,-88.745666,55,Dodge,55027,HOSPITAL,CRITICAL ACCESS HOSPITALS,1031,HSPLACU134,521327,1,14,WAUPUN MEMORIAL HOSPITAL
-9981823.93032395,5616151.58893235,98,6155,333 Pine Ridge Blvd,,Wausau,WI,54401,4102,44.96588,-89.66825,55,Marathon,55073,HOSPITAL,SHORT TERM,188,HSPLACU135,520030,1,11,ASPIRUS WAUSAU HOSPITAL
-10109380.4820443,5456873.05910737,99,7925,310 W Main St,,Sparta,WI,54656,2170,43.944601,-90.81411,55,Monroe,55081,HOSPITAL,CRITICAL ACCESS HOSPITALS,1009,HSPLCRI2,521305,1,14,MAYO CLINIC HLTH SYSTM FRANCISCAN HLTHCARE SPARTA
-10153752.765033,5555267.82795171,100,7927,13025 8th St,,Osseo,WI,54758,7634,44.577608,-91.212713,55,Trempealeau,55121,HOSPITAL,CRITICAL ACCESS HOSPITALS,1003,HSPLCRI4,521302,1,14,MAYO CLINIC HEALTH SYSTEM-OAKRIDGE
-9934827.40165932,5493882.35209564,101,7928,601 Grove Ave,,Wild Rose,WI,54984,6903,44.183494,-89.246073,55,Waushara,55137,HOSPITAL,CRITICAL ACCESS HOSPITALS,1004,HSPLCRI5,521303,1,14,THEDACARE MEDICAL CENTER - WILD ROSE INC
-10237198.8572071,5561967.90486562,102,8561,1220 3rd Ave W,,Durand,WI,54736,1600,44.620464,-91.962322,55,Pepin,55091,HOSPITAL,CRITICAL ACCESS HOSPITALS,1008,HSPLCRI8,521307,1,14,CHIPPEWA VALLEY HOSPITAL
-10281576.7061703,5668377.24318733,103,8881,265 Griffin St E,,Amery,WI,54001,1439,45.296857,-92.360975,55,Polk,55095,HOSPITAL,CRITICAL ACCESS HOSPITALS,1010,HSPLCRI10,521308,1,14,AMERY HOSPITAL & CLINIC
-9789510.82705829,5539255.71903914,104,10461,2845 Greenbrier Rd,,Green Bay,WI,54311,6519,44.475061,-87.940672,55,Brown,55009,HOSPITAL,SHORT TERM,301,HSPLACU142,520193,1,11,AURORA BAYCARE MEDICAL CTR
-9813121.46841657,5469348.96262181,105,10480,614 Memorial Dr,,Chilton,WI,53014,1568,44.02524,-88.15277,55,Calumet,55015,HOSPITAL,CRITICAL ACCESS HOSPITALS,1020,HSPLCRI11,521317,1,14,ASCENSION CALUMET HOSPITAL
-10180482.8011623,5592508.22942594,106,15449,1000 Oakleaf Way,,Altoona,WI,54720,2246,44.81541,-91.452833,55,Eau Claire,55035,HOSPITAL,SHORT TERM,303,HSPLACU144,520196,1,11,OAKLEAF SURGICAL HOSPITAL
-9846637.42938511,5494502.52968998,107,23121,130 2nd St,,Neenah,WI,54956,2883,44.187489,-88.453849,55,Winnebago,55139,HOSPITAL,CHILDRENS,1005,HSPLACU138,523302,1,16,CHILDRENS HOSPITAL OF WISCONSIN FOX VALLEY
-9862392.58823658,5469640.0254133,108,45712,855 N Westhaven Dr,,Oshkosh,WI,54904,7668,44.02712,-88.59538,55,Winnebago,55139,HOSPITAL,SHORT TERM,307,HSPLACU148,520198,1,11,AURORA MEDICAL CTR OSHKOSH
-9972001.54373432,5604279.90937985,109,80161,3400 Ministry Pkwy,,Weston,WI,54476,5220,44.890376,-89.580014,55,Marathon,55073,HOSPITAL,SHORT TERM,310,HSPLACU150,520202,1,11,ASCENSION ST CLARES HOSPITAL
-9793449.31064256,5315165.00095981,110,85737,5000 W National Ave,,Milwaukee,WI,53295,1,43.020975,-87.976052,55,Milwaukee,55079,HOSPITAL,NON-PARTICIPATING HOSPITALS,,HSPLACU168,52003F,1,19,CLEMENT J ZABLOCKI VETERANS AFFAIRS
-10073888.7114337,5466133.48788536,111,86108,500 E Veterans St,,Tomah,WI,54660,3105,44.004467,-90.495282,55,Monroe,55081,HOSPITAL,NON-PARTICIPATING HOSPITALS,,HSPLACU207,52002F,1,19,TOMAH VA MEDICAL CENTER
-9955396.23793167,5323299.34078581,112,86410,2500 Overlook Ter,,Madison,WI,53705,2254,43.074375,-89.430846,55,Dane,55025,HOSPITAL,NON-PARTICIPATING HOSPITALS,,HSPLACU214,52004F,1,19,WILLIAM S MIDDLETON MEMORIAL VETERANS HOSPITAL
-10244589.1355618,5705488.48728365,113,91694,1110 7th Ave,,Cumberland,WI,54829,9138,45.53088,-92.02871,55,Barron,55005,HOSPITAL,CRITICAL ACCESS HOSPITALS,1058,HSPLACU217,521353,1,14,CUMBERLAND MEMORIAL HOSPITAL
-10069726.8096314,5269432.66856875,114,126061,1400 Eastside Rd,,Platteville,WI,53818,9800,42.719888,-90.457895,55,Grant,55043,HOSPITAL,CRITICAL ACCESS HOSPITALS,1059,HSPLACU219,521354,1,14,SOUTHWEST HEALTH CENTER
-9781180.56692325,5605201.36190353,115,126342,820 Arbutus Ave,,Oconto,WI,54153,2004,44.89624,-87.86584,55,Oconto,55083,HOSPITAL,CRITICAL ACCESS HOSPITALS,1061,HSPLCRI17,521356,1,14,BELLIN HEALTH OCONTO HOSPITAL
-9856190.7567655,5250994.70275532,116,128498,N2950 State Road 67,,Lake Geneva,WI,53147,2655,42.598083,-88.539668,55,Walworth,55127,HOSPITAL,CRITICAL ACCESS HOSPITALS,1062,HSPLCRI18,521357,1,14,MERCY WALWORTH HOSPITAL & MEDICAL CENTER
-9900883.75120714,5462116.84898841,117,128646,225 Memorial Dr,,Berlin,WI,54923,1243,43.978508,-88.941152,55,Green Lake,55047,HOSPITAL,CRITICAL ACCESS HOSPITALS,1060,HSPLCRI19,521355,1,14,THEDACARE MEDICAL CENTER - BERLIN INC
-9724161.61054403,5595215.58694131,118,143920,323 S 18th Ave,,Sturgeon Bay,WI,54235,1401,44.83266,-87.35363,55,Door,55029,HOSPITAL,CRITICAL ACCESS HOSPITALS,1064,HSPLCRI20,521358,1,14,DOOR COUNTY MEDICAL CENTER
-9813340.99045241,5320964.6395297,119,144976,19333 W North Ave,,Brookfield,WI,53045,4132,43.059053,-88.154742,55,Waukesha,55133,HOSPITAL SATELLITE LOCATIONS,HOSPITAL SATELLITE LOCATIONS,,HSPSAT007,NULL,HS,HS1,ASCENSION SE WISCONSIN HOSPITAL - ELMBROOK CAMPUS
-9779565.54375082,5302309.66392956,120,144978,5900 S Lake Dr,,Cudahy,WI,53110,3171,42.936488,-87.851332,55,Milwaukee,55079,HOSPITAL SATELLITE LOCATIONS,HOSPITAL SATELLITE LOCATIONS,,HSPSAT008,NULL,HS,HS2,AURORA ST LUKES MED CTR SOUTH SHORE
-9791002.84219339,5290694.53585783,121,288571,10101 S 27th St,,Franklin,WI,53132,7209,42.860052,-87.954075,55,Milwaukee,55078,HOSPITAL,SHORT TERM,1070,HSPLACU992,520204,1,11,MIDWEST ORTHOPEDIC SPECIALTY HOSPITAL
-9848151.48577939,5322023.12155969,122,318634,36500 Aurora Dr,,Summit,WI,53066,4899,43.066,-88.46745,55,Waukesha,55133,HOSPITAL,SHORT TERM,316,HSPLACU220,520206,1,11,AURORA MEDICAL CENTER SUMMIT
-9788064.67555339,5318460.8401769,123,341055,945 North 12th Street ,,Milwaukee,WI,53233,,43.042617,-87.927681,55,Milwaukee,55079,HOSPITAL,HOSPITAL SATELLITE LOCATIONS,,HSPSAT016,NULL,HS,HS1,AURORA SINAI MEDICAL CENTER
-9788111.98633698,5361385.65006325,124,350214,975 Port Washington Rd,,Grafton,WI,53024,9201,43.323784,-87.928106,55,Ozaukee,55089,HOSPITAL,SHORT TERM,317,HSPLACU221,520207,1,11,AURORA MEDICAL CENTER
-9904889.47176385,5261718.09960365,125,373877,3400 E Racine St,,Janesville,WI,53546,2344,42.668953,-88.977136,55,Rock,55105,HOSPITAL,SHORT TERM,318,HSPLACU994,520208,1,11,SSM HEALTH ST MARY'S HOSPITAL - JANESVILLE
-10187943.6560742,5589196.31022531,126,573292,2310 Craig Rd,,Eau Claire,WI,54701,6128,44.794301,-91.519855,55,Eau Claire,55035,HOSPITAL,SHORT TERM,323,HSPLACU222,,1,11,MARSHFIELD MEDICAL CENTER - EAU CLAIRE
-9862966.88548957,5467491.79683951,127,573560,500 S Oakwood Rd,,Oshkosh,WI,54901,7944,44.013243,-88.600539,55,Winnebago,55139,HOSPITAL SATELLITE LOCATIONS,HOSPITAL SATELLITE LOCATIONS,,HSPSAT019,NULL,HS,HS1,ASCENSION NE WISCONSIN-MERCY CAMPUS
-10282113.934,5669262.8627,128,249584,230 Deronda St,,Amery,WI,54001,1412,45.302453,-92.365801,55,Polk,55095,HOSPITAL SATELLITE LOCATIONS,HOSPITAL SATELLITE LOCATIONS,1069,HSPSAT014,,HS,HS1,AMERY HOSPITAL & CLINIC BEHAVIORAL HEALTH CENTER
-9772101.4606,5268898.8744,129,144974,1320 Wisconsin Ave,,Racine,WI,53403,1978,42.716365,-87.784281,55,Racine,55101,HOSPITAL SATELLITE LOCATIONS,HOSPITAL SATELLITE LOCATIONS,154,HSPSAT006,,HS,HS1,ASCENSION ALL SAINTS HOSPITAL
-9790993.9366,5290662.3406,130,573546,10101 S 27th St,,Franklin,WI,53132,7209,42.85984,-87.953995,55,Milwaukee,55079,HOSPITAL SATELLITE LOCATIONS,HOSPITAL SATELLITE LOCATIONS,314,HSPSAT018,,HS,HS1,ASCENSION SE WISCONSIN HOSPITAL - FRANKLIN CAMPUS
-9964938.656,5542976.92930001,131,588328,5409 Vern Holmes Dr,,Stevens Point,WI,54482,8853,44.498909,-89.516567,55,Portage,55097,HOSPITAL SATELLITE LOCATIONS,HOSPITAL SATELLITE LOCATIONS,324,HSPSAT020,,HS,HS1,ASPIRUS STEVENS POINT HOSPITAL
-9799062.8186,5317862.41020001,132,144983,9200 W Wisconsin Ave,,Milwaukee,WI,53226,3522,43.038688,-88.026479,55,Milwaukee,55079,HOSPITAL SATELLITE LOCATIONS,HOSPITAL SATELLITE LOCATIONS,279,HSPSAT010,,HS,HS1,FROEDTERT MEMORIAL LUTHERAN HOSPITAL CHW
-9803140.4516,5548385.914,133,144962,1701 Dousman St,,Green Bay,WI,54303,3211,44.533556,-88.063109,55,Brown,55009,HOSPITAL SATELLITE LOCATIONS,HOSPITAL SATELLITE LOCATIONS,259,HSPSAT001,,HS,HS1,LIBERTAS GREEN BAY
-9986580.0556,5762774.317,134,592494,9576 State Highway 70,,Minocqua,WI,54548,9067,45.89022,-89.710975,55,Oneida,55085,HOSPITAL,SHORT TERM,325,HSPLACU223,,1,11,MARSHFIELD MEDICAL CENTER - MINOCQUA
-9786261.2998,5326781.75400001,135,9815,475 W River Woods Pkwy,,Glendale,WI,53212,1081,43.097222,-87.911481,55,Milwaukee,55079,HOSPITAL,SHORT TERM,1006,HSPLACU140,520194,1,11,ORTHOPAEDIC HOSPITAL OF WISCONSIN
-9792563.4301,5340527.31040001,136,509174,4600 W Schroeder Dr,,Brown Deer,WI,53223,6458,43.187319,-87.968094,55,Milwaukee,55079,HOSPITAL SATELLITE LOCATIONS,HOSPITAL SATELLITE LOCATIONS,320,HSPSAT017,,HS,HS1,ROGERS MEMORIAL HOSPITAL
-9801828.2174,5312167.7435,137,144987,11101 W Lincoln Ave,,West Allis,WI,53227,1133,43.001287,-88.051321,55,Milwaukee,55079,HOSPITAL SATELLITE LOCATIONS,HOSPITAL SATELLITE LOCATIONS,751,HSPSAT012,,HS,HS1,ROGERS MEMORIAL HOSPITAL MILWAUKEE
-9788971.5954,5309790.6248,138,144985,3237 S 16th St Fl 5,,Milwaukee,WI,53215,4526,42.985668,-87.935828,55,Milwaukee,55079,HOSPITAL SATELLITE LOCATIONS,HOSPITAL SATELLITE LOCATIONS,304,HSPSAT011,,HS,HS1,SELECT SPEC HOSPITAL - ST FRANCIS
-10072178.0648,5273307.1072,139,146030,1185 N Elm St,,Platteville,WI,53818,1207,42.745453,-90.479915,55,Grant,55043,HOSPITAL SATELLITE LOCATIONS,HOSPITAL SATELLITE LOCATIONS,1063,HSPSAT13,,HS,HS1,SOUTHWEST HEALTH CARE BEHAVIORAL SERVICES
-9965958.6765,5314898.69820001,140,144972,8102 Wellness Way,,Madison,WI,53719,8800,43.019226,-89.52573,55,Dane,55025,HOSPITAL SATELLITE LOCATIONS,HOSPITAL SATELLITE LOCATIONS,752,HSPSAT005,,HS,HS1,UNITYPOINT HEALTH MERITER CHILD & ADOLESCENT PSYCH
-9863642.0382,5583920.829,141,4176,100 County Road B,,Shawano,WI,54166,7072,44.760661,-88.606604,55,Shawano,55115,HOSPITAL,CRITICAL ACCESS HOSPITALS,1051,HSPLACU86,521346,1,14,THEDACARE MEDICAL CENTER - SHAWANO INC
-9977762.2161,5610956.12310001,142,593698,2380 Marshall St,,Wausau,WI,54403,,44.932849,-89.631763,55,MARATHON COUNTY,55073,HOSPITAL SATELLITE LOCATIONS,HOSPITAL SATELLITE LOCATIONS,326,HSPLPSY15,,HS,HS1,NORTH CENTRAL HEALTH CARE
-9808269.0518,5305613.44850001,143,596078,4805 S Moorland Rd,,New Berlin,WI,53151,7401,42.958212,-88.10918,55,Waukesha,55133,HOSPITAL,SHORT TERM,327,HSPLACU224,520213,01,011,FROEDTERT COMMUNITY HOSPITAL
-9821239.9989,5324808.4103,144,596553,209 Pewaukee Rd,,Pewaukee,WI,53072,,43.08427657,-88.2257,55,WAUKESHA COUNTY,55133,HOSPITAL SATELLITE LOCATIONS,HOSPITAL SATELLITE LOCATIONS,328,HSPLACU225,,HS,HS1,FROEDTERT COMMUNITY HOSPITAL
-9805878.8142,5339076.0257,145,604132,"N88w14275 Main Street, Suite 100",,Menomonee Falls,WI,53051,2315,43.17781264,-88.08770813,55,WAUKESHA COUNTY,55133,HOSPITAL,SHORT TERM,331,HSPLACU226,,01,011,ASCENSION WISCONSIN HOSP MENOMONEE FALLS CAMPUS
-9797123.4104,5305147.2528,146,604500,4935 S 76th St Suite 100,,Greenfield,WI,53220,4305,42.955147,-88.009057,55,Milwaukee,55079,HOSPITAL SATELLITE LOCATIONS,HOSPITAL SATELLITE LOCATIONS,332,HSPSAT021,,HS,HS1,ASCENSION WISCONSIN HOSPITAL GREENFIELD CAMPUS
-9825963.7936,5310339.13920001,147,605052,"2325 Fox Run Blvd, Suite 100",,Waukesha,WI,53188,6602,42.9892724,-88.26813457,55,WAUKESHA COUNTY,55133,HOSPITAL SATELLITE LOCATIONS,HOSPITAL SATELLITE LOCATIONS,333,HSPSAT023,,HS,HS1,ASCENSION WISCONSIN HOSPITAL WAUKESHA CAMPUS
-9790471.9595,5270120.14540001,148,606896,13250 Washington Ave,,Mount Pleasant,WI,53177,1516,42.724425,-87.949306,55,RACINE COUNTY,55101,HOSPITAL SATELLITE LOCATIONS,HOSPITAL SATELLITE LOCATIONS,335,HSPSAT022,,HS,HS1,AURORA MEDICAL CENTER MOUNT PLEASANT
-9787297.7956,5296849.8118,149,606935,7901 S 6th St,,Oak Creek,WI,53154,2010,42.90057,-87.920792,55,Milwaukee,55079,HOSPITAL SATELLITE LOCATIONS,HOSPITAL SATELLITE LOCATIONS,336,HSPSAT024,,HS,HS1,FROEDTERT COMMUNITY HOSPITAL
-9830845.8691,5289126.5115,150,607105,240 Maple Ave,,Mukwonago,WI,53149,8475,42.849726,-88.311991,55,Waukesha,55133,HOSPITAL SATELLITE LOCATIONS,HOSPITAL SATELLITE LOCATIONS,337,HSPSAT025,,HS,HS1,PROHEALTH WAUKESHA MEMORIAL HOSP-MUKWONAGO CAMPUS
-9787723.1696,5346423.587,151,607276,11421 N Port Washington Rd,,Mequon,WI,53092,3413,43.2259262,-87.9246132,55,Ozaukee,55089,HOSPITAL SATELLITE LOCATIONS,HOSPITAL SATELLITE LOCATIONS,338,HSPSAT026,<Null>,HS,HS1,FROEDTERT COMMUNITY HOSPITAL
-9968382.2131,5550022.02900001,152,609422,4100 State Highway 66,,Stevens Point,WI,54482,8410,44.544032,-89.547501,55,Portage,55097,HOSPITAL,SHORT TERM,340,HSPLACU227,<Null>,1,11,MARSHFIELD MEDICAL CENTER - RIVER REGION
-9836889.2929,5511391.24330001,153,611921,2400 E Capitol Dr,,Appleton,WI,54911,8728,44.296177,-88.36628,55,Outagamie,55087,HOSPITAL SATELLITE LOCATIONS,HOSPITAL SATELLITE LOCATIONS,342,HSPSAT027,,HS,HS1,THEDACARE MEDICAL CENTER-ORTHOPEDIC SPINE AND PAIN
-9800268.7426,5317573.49000001,154,612366,10000 W Bluemound Rd,,Wauwatosa,WI,53226,4321,43.036791,-88.037312,55,Milwaukee,55079,HOSPITAL SATELLITE LOCATIONS,HOSPITAL SATELLITE LOCATIONS,343,HSPLRHB004,,HS,HS1,FROEDTERT BLUEMOUND REHABILITATION HOSPITAL
